{
    "malignant": {
        "precision": 0.0,
        "recall": 0.0,
        "f1-score": 0.0,
        "support": 4.0
    },
    "benign": {
        "precision": 0.9285714285714286,
        "recall": 1.0,
        "f1-score": 0.9629629629629629,
        "support": 52.0
    },
    "accuracy": 0.9285714285714286,
    "macro avg": {
        "precision": 0.4642857142857143,
        "recall": 0.5,
        "f1-score": 0.48148148148148145,
        "support": 56.0
    },
    "weighted avg": {
        "precision": 0.8622448979591837,
        "recall": 0.9285714285714286,
        "f1-score": 0.8941798941798941,
        "support": 56.0
    }
}